{
  "0": {
    "precision": 0.6142405333789213,
    "recall": 0.8541035240981756,
    "f1-score": 0.7145804847731511,
    "support": 16827.0
  },
  "1": {
    "precision": 0.8162975157138581,
    "recall": 0.5472284926009531,
    "f1-score": 0.6552148713174569,
    "support": 19935.0
  },
  "accuracy": 0.6876938142647299,
  "macro avg": {
    "precision": 0.7152690245463897,
    "recall": 0.7006660083495644,
    "f1-score": 0.684897678045304,
    "support": 36762.0
  },
  "weighted avg": {
    "precision": 0.7238103593635512,
    "recall": 0.6876938142647299,
    "f1-score": 0.6823881801042195,
    "support": 36762.0
  }
}